/*
	Script for creation of trade_company_db
    
    It has 5 tables:
    
    CUSTOMERS, SALES_REPS, OFFICES, PRODUCTS, ORDERS
    
    Execute ia all to create database, tabales and to fill out them

*/

-- Delete a database if it exists
DROP DATABASE trade_company_db;

-- Create a database
CREATE DATABASE trade_company_db;

-- Select a database to work with
USE trade_company_db;

CREATE TABLE PRODUCTS(
	MFR_ID CHAR(3) NOT NULL,
	PRODUCT_ID CHAR(5) NOT NULL,
	DESCRIPTION VARCHAR(20) NOT NULL, 
	PRICE DECIMAL(10, 2) NOT NULL,
	QTY_ON_HAND INT NOT NULL,
	PRIMARY KEY(MFR_ID, PRODUCT_ID)			
);

CREATE TABLE SALES_REPS( 
	EMPL_NUМ INT NOT NULL, 
	NAME VARCHAR(15) NOT NULL, 
	AGE INT,
	REP_OFFICE INT,
	TITLE VARCHAR(10),
	HIRE_DATE DATE NOT NULL, 
	МANAGER INT,
	QUOTA DECIMAL(10,2),
	SALES DECIMAL(10,2) NOT NULL, 
	PRIMARY KEY (EMPL_NUМ), 
	-- Note that HAS_PERSON_MGR is key name 
	CONSTRAINT HAS_PERSONAL_MGR FOREIGN KEY (МANAGER) REFERENCES SALES_REPS(EMPL_NUМ) ON DELETE SET NULL
);

CREATE TABLE OFFICES(
	OFFICE INT NOT NULL,
	CITY VARCHAR(50) NOT NULL,
	REGION VARCHAR(10) NOT NULL,
	MGR INT,
	TARGET DECIMAL(10, 2),
	SALES DECIMAL(10, 2) NOT NULL,
	PRIMARY KEY (OFFICE),
	-- Note that HAS_OFFICE_MGR is key name 
	CONSTRAINT HAS_OFFICE_MGR FOREIGN KEY (MGR) REFERENCES SALES_REPS(EMPL_NUМ) ON DELETE SET NULL 
);

-- Note that SALES_REPS is key name 
ALTER TABLE SALES_REPS ADD CONSTRAINT WORKS_IN FOREIGN KEY (REP_OFFICE) REFERENCES OFFICES(OFFICE);

CREATE TABLE CUSTOMERS( 
	CUST_NUМ INT NOT NULL, 
	COMPANY VARCHAR(20) NOT NULL, 
	CUST_REP INT,
	CREDIT_LIMIT DECIMAL(10, 2),
	PRIMARY KEY (CUST_NUМ),
	CONSTRAINT PERSONAL_MGR FOREIGN KEY (CUST_REP) REFERENCES SALES_REPS(EMPL_NUМ) ON DELETE SET NULL
);

CREATE TABLE ORDERS( 
	ORDER_NUМ INT NOT NULL, 
	ORDER_DATE DATE NOT NULL , 
	CUST INT NOT NULL, 
	REP INT,
	MFR CHAR(3) NOT NULL, 
	PRODUCT CHAR(5) NOT NULL,
	QTY INT NOT NULL, 
	AМOUNT DECIMAL(9,2) NOT NULL, 
	PRIMARY KEY (ORDER_NUМ),
	CONSTRAINT PLACED_BY FOREIGN KEY (CUST) REFERENCES CUSTOMERS(CUST_NUМ) ON DELETE CASCADE,
	CONSTRAINT TAKEN_BY FOREIGN KEY (REP) REFERENCES SALES_REPS(EMPL_NUМ) ON DELETE SET NULL,
	CONSTRAINT IS_FOR FOREIGN KEY (MFR, PRODUCT) REFERENCES PRODUCTS(MFR_ID, PRODUCT_ID) ON DELETE RESTRICT
);

-- Adding data

INSERT INTO OFFICES (OFFICE, CITY, REGION, MGR, TARGET, SALES)
VALUES (22, 'Denver', 'Western', null, 300000.00, 186042.00);

INSERT INTO OFFICES (OFFICE, CITY, REGION, MGR, TARGET, SALES)
VALUES (11, 'New York', 'Eastern', null, 575000.00, 692637.00);

INSERT INTO OFFICES (OFFICE, CITY, REGION, MGR, TARGET, SALES)
VALUES (12, 'Chicago', 'Eastern', null, 800000.00, 735042.00);

INSERT INTO OFFICES (OFFICE, CITY, REGION, MGR, TARGET, SALES)
VALUES (13, 'Atlanta', 'Eastern', null, 350000.00, 367911.00);

INSERT INTO OFFICES (OFFICE, CITY, REGION, MGR, TARGET, SALES)
VALUES (21, 'Los Angeles', 'Western', null, 775000.00, 835915.00);


INSERT INTO SALES_REPS (EMPL_NUМ, NAME, AGE, REP_OFFICE, TITLE, HIRE_DATE, МANAGER, QUOTA, SALES)
VALUES (105, 'Bill Adams', 37, 13, 'Sales Rep', '2006-02-12', null, 350000.00, 36911.00);

INSERT INTO SALES_REPS (EMPL_NUМ, NAME, AGE, REP_OFFICE, TITLE, HIRE_DATE, МANAGER, QUOTA, SALES)
VALUES (109, 'Marry Jones', 31, 11, 'Sales Rep', '2006-02-12', null, 20000.00, 3911.00);

INSERT INTO SALES_REPS (EMPL_NUМ, NAME, AGE, REP_OFFICE, TITLE, HIRE_DATE, МANAGER, QUOTA, SALES)
VALUES (102, 'Sue Smith', 48, 21, 'Sales Rep', '2006-02-12', null, 100000.00, 27911.00);

INSERT INTO SALES_REPS (EMPL_NUМ, NAME, AGE, REP_OFFICE, TITLE, HIRE_DATE, МANAGER, QUOTA, SALES)
VALUES (106, 'Sam Clark', 52, 11, 'VP Sales', '2006-02-12', null, 45000.00, 10911.00);

INSERT INTO SALES_REPS (EMPL_NUМ, NAME, AGE, REP_OFFICE, TITLE, HIRE_DATE, МANAGER, QUOTA, SALES)
VALUES (104, 'Bob Smith', 33, 12, 'Sales Rep', '2006-02-12', null, 10000.00, 17911.00);

INSERT INTO SALES_REPS (EMPL_NUМ, NAME, AGE, REP_OFFICE, TITLE, HIRE_DATE, МANAGER, QUOTA, SALES)
VALUES (101, 'Dan Roberts', 45, 12, 'Sales Rep', '2006-02-12', null, 99900.00, 36110.00);

INSERT INTO SALES_REPS (EMPL_NUМ, NAME, AGE, REP_OFFICE, TITLE, HIRE_DATE, МANAGER, QUOTA, SALES)
VALUES (110, 'Tom Snyder', 41, null, 'Sales Rep', '2006-02-12', null, 102000.00, 79011.00);

INSERT INTO SALES_REPS (EMPL_NUМ, NAME, AGE, REP_OFFICE, TITLE, HIRE_DATE, МANAGER, QUOTA, SALES)
VALUES (108, 'Larry Fitch', 62, 21, 'Sales Rep', '2006-02-12', null, 209000.00, 36911.00);

INSERT INTO SALES_REPS (EMPL_NUМ, NAME, AGE, REP_OFFICE, TITLE, HIRE_DATE, МANAGER, QUOTA, SALES)
VALUES (103, 'Paul Cruz', 29, 12, 'Sales Rep', '2006-02-12', null, 111000.00, 367211.00);

INSERT INTO SALES_REPS (EMPL_NUМ, NAME, AGE, REP_OFFICE, TITLE, HIRE_DATE, МANAGER, QUOTA, SALES)
VALUES (107, 'Nancy Angel', 49, 22, 'Sales Rep', '2006-02-12', null, 29000.00, 317911.00);

-- Setting personal manager data

UPDATE SALES_REPS
SET МANAGER = 104
WHERE EMPL_NUМ = 105;

UPDATE SALES_REPS
SET МANAGER = 106
WHERE EMPL_NUМ = 109;

UPDATE SALES_REPS
SET МANAGER = 108
WHERE EMPL_NUМ = 102;

UPDATE SALES_REPS
SET МANAGER = null
WHERE EMPL_NUМ = 106;

UPDATE SALES_REPS
SET МANAGER = 106
WHERE EMPL_NUМ = 104;

UPDATE SALES_REPS
SET МANAGER = 104
WHERE EMPL_NUМ = 101;

UPDATE SALES_REPS
SET МANAGER = 106
WHERE EMPL_NUМ = 110;

UPDATE SALES_REPS
SET МANAGER = 104
WHERE EMPL_NUМ = 108;

UPDATE SALES_REPS
SET МANAGER = 101
WHERE EMPL_NUМ = 103;

UPDATE SALES_REPS
SET МANAGER = 106
WHERE EMPL_NUМ = 107;

-- Settings hire date data

UPDATE SALES_REPS
SET HIRE_DATE = '2006-02-12'
WHERE EMPL_NUМ = 105;

UPDATE SALES_REPS
SET HIRE_DATE = '2007-10-12'
WHERE EMPL_NUМ = 109;

UPDATE SALES_REPS
SET HIRE_DATE = '2004-12-10'
WHERE EMPL_NUМ = 102;

UPDATE SALES_REPS
SET HIRE_DATE = '2006-06-14'
WHERE EMPL_NUМ = 106;

UPDATE SALES_REPS
SET HIRE_DATE = '2004-10-20'
WHERE EMPL_NUМ = 101;

UPDATE SALES_REPS
SET HIRE_DATE = '2005-05-19'
WHERE EMPL_NUМ = 104;

UPDATE SALES_REPS
SET HIRE_DATE = '2008-01-13'
WHERE EMPL_NUМ = 110;

UPDATE SALES_REPS
SET HIRE_DATE = '2004-10-20'
WHERE EMPL_NUМ = 108;

UPDATE SALES_REPS
SET HIRE_DATE = '2005-03-01'
WHERE EMPL_NUМ = 103;

UPDATE SALES_REPS
SET HIRE_DATE = '2007-10-12'
WHERE EMPL_NUМ = 107;


INSERT INTO PRODUCTS (MFR_ID, PRODUCT_ID, DESCRIPTION, PRICE, QTY_ON_HAND) 
VALUES ('REI', '2A45C', 'Ratchet Link', 2750.00, 210);

INSERT INTO PRODUCTS (MFR_ID, PRODUCT_ID, DESCRIPTION, PRICE, QTY_ON_HAND) 
VALUES ('ACI', '4100Y', 'Widget Remover', 79.00, 25);

INSERT INTO PRODUCTS (MFR_ID, PRODUCT_ID, DESCRIPTION, PRICE, QTY_ON_HAND) 
VALUES ('QSA', 'XK47', 'Reducer', 355.00, 38);

INSERT INTO PRODUCTS (MFR_ID, PRODUCT_ID, DESCRIPTION, PRICE, QTY_ON_HAND) 
VALUES ('BIC', '41672', 'Plate', 180.00, 0);

INSERT INTO PRODUCTS (MFR_ID, PRODUCT_ID, DESCRIPTION, PRICE, QTY_ON_HAND) 
VALUES ('IMM', '779C', '900-lb Brace', 1875.00, 9);

INSERT INTO PRODUCTS (MFR_ID, PRODUCT_ID, DESCRIPTION, PRICE, QTY_ON_HAND) 
VALUES ('ACI', '41003', 'Size 3 Widget', 107.00, 207);

INSERT INTO PRODUCTS (MFR_ID, PRODUCT_ID, DESCRIPTION, PRICE, QTY_ON_HAND) 
VALUES ('ACI', '41004', 'Size 4 Widget', 117.00, 139);

INSERT INTO PRODUCTS (MFR_ID, PRODUCT_ID, DESCRIPTION, PRICE, QTY_ON_HAND) 
VALUES ('BIC', '41003', 'Handle', 652.00, 3);

INSERT INTO PRODUCTS (MFR_ID, PRODUCT_ID, DESCRIPTION, PRICE, QTY_ON_HAND) 
VALUES ('IMM', '887P', 'Brace Pin', 250.00, 24);

INSERT INTO PRODUCTS (MFR_ID, PRODUCT_ID, DESCRIPTION, PRICE, QTY_ON_HAND) 
VALUES ('QSA', 'XK48', 'Reducer', 134.00, 203);

INSERT INTO PRODUCTS (MFR_ID, PRODUCT_ID, DESCRIPTION, PRICE, QTY_ON_HAND) 
VALUES ('REI', '2A44L', 'Left Hinge', 4500.00, 12);

INSERT INTO PRODUCTS (MFR_ID, PRODUCT_ID, DESCRIPTION, PRICE, QTY_ON_HAND) 
VALUES ('FEA', '112', 'Housing', 148.00, 115);

INSERT INTO PRODUCTS (MFR_ID, PRODUCT_ID, DESCRIPTION, PRICE, QTY_ON_HAND) 
VALUES ('IMM', '887H', 'Brace Holder', 54.00, 223);

INSERT INTO PRODUCTS (MFR_ID, PRODUCT_ID, DESCRIPTION, PRICE, QTY_ON_HAND) 
VALUES ('BIC', '41089', 'Retainer', 225.00, 78);

INSERT INTO PRODUCTS (MFR_ID, PRODUCT_ID, DESCRIPTION, PRICE, QTY_ON_HAND) 
VALUES ('ACI', '41001', 'Size 1 Widget', 55.00, 277);

INSERT INTO PRODUCTS (MFR_ID, PRODUCT_ID, DESCRIPTION, PRICE, QTY_ON_HAND) 
VALUES ('IMM', '775C', '500-lb Brace', 1425.00, 5);

INSERT INTO PRODUCTS (MFR_ID, PRODUCT_ID, DESCRIPTION, PRICE, QTY_ON_HAND) 
VALUES ('ACI', '4100Z', 'Widget Installer', 2500.00, 28);

INSERT INTO PRODUCTS (MFR_ID, PRODUCT_ID, DESCRIPTION, PRICE, QTY_ON_HAND) 
VALUES ('QSA', 'XK48A', 'Reducer', 177.00, 37);

INSERT INTO PRODUCTS (MFR_ID, PRODUCT_ID, DESCRIPTION, PRICE, QTY_ON_HAND) 
VALUES ('ACI', '41002', 'Size 2 Widget', 76.00, 167);

INSERT INTO PRODUCTS (MFR_ID, PRODUCT_ID, DESCRIPTION, PRICE, QTY_ON_HAND) 
VALUES ('REI', '2A44R', 'Right Hinge', 4500.00, 12);

INSERT INTO PRODUCTS (MFR_ID, PRODUCT_ID, DESCRIPTION, PRICE, QTY_ON_HAND) 
VALUES ('IMM', '773C', '300-lb Brace', 975.00, 28);

INSERT INTO PRODUCTS (MFR_ID, PRODUCT_ID, DESCRIPTION, PRICE, QTY_ON_HAND) 
VALUES ('ACI', '4100X', 'Widget Adjuster', 25.00, 37);

INSERT INTO PRODUCTS (MFR_ID, PRODUCT_ID, DESCRIPTION, PRICE, QTY_ON_HAND) 
VALUES ('FEA', '114', 'Motor Mount', 243.00, 15);

INSERT INTO PRODUCTS (MFR_ID, PRODUCT_ID, DESCRIPTION, PRICE, QTY_ON_HAND) 
VALUES ('IMM', '887X', 'Brace Retainer', 475.00, 32);

INSERT INTO PRODUCTS (MFR_ID, PRODUCT_ID, DESCRIPTION, PRICE, QTY_ON_HAND) 
VALUES ('REI', '2A44G', 'Hinge Pin', 350.00, 14);


INSERT INTO CUSTOMERS (CUST_NUМ, COMPANY, CUST_REP, CREDIT_LIMIT)
VALUES (2111, 'JCP Inc.', 103, 50000.00);

INSERT INTO CUSTOMERS (CUST_NUМ, COMPANY, CUST_REP, CREDIT_LIMIT)
VALUES (2102, 'First Corp.', 101, 65000.00);

INSERT INTO CUSTOMERS (CUST_NUМ, COMPANY, CUST_REP, CREDIT_LIMIT) 
VALUES (2103, 'Acme Mfg.', 105, 50000.00);

INSERT INTO CUSTOMERS (CUST_NUМ, COMPANY, CUST_REP, CREDIT_LIMIT) 
VALUES (2123, 'Carter & Sons', 102, 40000.00);

INSERT INTO CUSTOMERS (CUST_NUМ, COMPANY, CUST_REP, CREDIT_LIMIT) 
VALUES (2107, 'Ace International', 110, 35000.00);

INSERT INTO CUSTOMERS (CUST_NUМ, COMPANY, CUST_REP, CREDIT_LIMIT) 
VALUES (2115, 'Smithson Corp.', 101, 20000.00);

INSERT INTO CUSTOMERS (CUST_NUМ, COMPANY, CUST_REP, CREDIT_LIMIT) 
VALUES (2101, 'Jones Mfg.', 106, 65000.00);

INSERT INTO CUSTOMERS (CUST_NUМ, COMPANY, CUST_REP, CREDIT_LIMIT) 
VALUES (2112, 'Zetacorp', 108, 50000.00);

INSERT INTO CUSTOMERS (CUST_NUМ, COMPANY, CUST_REP, CREDIT_LIMIT) 
VALUES (2121, 'QMA Assoc.', 103, 45000.00);

INSERT INTO CUSTOMERS (CUST_NUМ, COMPANY, CUST_REP, CREDIT_LIMIT) 
VALUES (2114, 'Orion Corp.', 102, 20000.00);

INSERT INTO CUSTOMERS (CUST_NUМ, COMPANY, CUST_REP, CREDIT_LIMIT) 
VALUES (2124, 'Peter Brothers', 107, 40000.00);

INSERT INTO CUSTOMERS (CUST_NUМ, COMPANY, CUST_REP, CREDIT_LIMIT) 
VALUES (2108, 'Holm & Landis', 109, 55000.00);

INSERT INTO CUSTOMERS (CUST_NUМ, COMPANY, CUST_REP, CREDIT_LIMIT) 
VALUES (2117, 'J.P. Sinclair', 106, 35000.00);

INSERT INTO CUSTOMERS (CUST_NUМ, COMPANY, CUST_REP, CREDIT_LIMIT) 
VALUES (2122, 'Three-Way Lines', 105, 30000.00);

INSERT INTO CUSTOMERS (CUST_NUМ, COMPANY, CUST_REP, CREDIT_LIMIT) 
VALUES (2120, 'Rico Enterprises', 102, 50000.00);

INSERT INTO CUSTOMERS (CUST_NUМ, COMPANY, CUST_REP, CREDIT_LIMIT) 
VALUES (2106, 'Fred Lewis Corp.', 102, 65000.00);

INSERT INTO CUSTOMERS (CUST_NUМ, COMPANY, CUST_REP, CREDIT_LIMIT) 
VALUES (2119, 'Solomon Inc.', 109, 25000.00);

INSERT INTO CUSTOMERS (CUST_NUМ, COMPANY, CUST_REP, CREDIT_LIMIT) 
VALUES (2118, 'Midwest Systems', 108, 60000.00);

INSERT INTO CUSTOMERS (CUST_NUМ, COMPANY, CUST_REP, CREDIT_LIMIT) 
VALUES (2113, 'Ian & Schmidt', 104, 20000.00);

INSERT INTO CUSTOMERS (CUST_NUМ, COMPANY, CUST_REP, CREDIT_LIMIT) 
VALUES (2109, 'Chen Associates', 103, 25000.00);

INSERT INTO CUSTOMERS (CUST_NUМ, COMPANY, CUST_REP, CREDIT_LIMIT) 
VALUES (2105, 'AAA Investments', 101, 45000.00);


INSERT INTO ORDERS (ORDER_NUМ, ORDER_DATE,  CUST, REP, MFR, PRODUCT, QTY, AМOUNT)
VALUES (112961, '2007-12-17', 2117, 106, 'REI', '2A44L', 7, 31500.00);

INSERT INTO ORDERS (ORDER_NUМ, ORDER_DATE,  CUST, REP, MFR, PRODUCT, QTY, AМOUNT)
VALUES (113012, '2008-01-11', 2111, 105, 'ACI', '41003', 35, 3745.00);

INSERT INTO ORDERS (ORDER_NUМ, ORDER_DATE,  CUST, REP, MFR, PRODUCT, QTY, AМOUNT)
VALUES (112989, '2008-01-03', 2101, 106, 'FEA', '114', 6, 1458.00);

INSERT INTO ORDERS (ORDER_NUМ, ORDER_DATE,  CUST, REP, MFR, PRODUCT, QTY, AМOUNT)
VALUES (113051, '2008-02-10', 2118, 108, 'QSA', 'XK47', 2, 1420.00);

INSERT INTO ORDERS (ORDER_NUМ, ORDER_DATE,  CUST, REP, MFR, PRODUCT, QTY, AМOUNT)
VALUES (112968, '2007-10-12', 2102, 101, 'ACI', '41004', 34, 3978.00);

INSERT INTO ORDERS (ORDER_NUМ, ORDER_DATE,  CUST, REP, MFR, PRODUCT, QTY, AМOUNT)
VALUES (113036, '2008-01-30', 2107, 110, 'ACI', '41002', 9, 225.00);

INSERT INTO ORDERS (ORDER_NUМ, ORDER_DATE,  CUST, REP, MFR, PRODUCT, QTY, AМOUNT)
VALUES (113045, '2008-02-02', 2112, 108, 'REI', '2A44R', 10, 45000.00);

INSERT INTO ORDERS (ORDER_NUМ, ORDER_DATE,  CUST, REP, MFR, PRODUCT, QTY, AМOUNT)
VALUES (112963, '2007-12-17', 2103, 105, 'ACI', '41004', 28, 3276.00);

INSERT INTO ORDERS (ORDER_NUМ, ORDER_DATE,  CUST, REP, MFR, PRODUCT, QTY, AМOUNT)
VALUES (113013, '2008-01-14', 2118, 108, 'BIC', '41003', 1, 652.00);

INSERT INTO ORDERS (ORDER_NUМ, ORDER_DATE,  CUST, REP, MFR, PRODUCT, QTY, AМOUNT)
VALUES (113058, '2008-02-23', 2108, 109, 'FEA', '112', 10, 1480.00);

INSERT INTO ORDERS (ORDER_NUМ, ORDER_DATE,  CUST, REP, MFR, PRODUCT, QTY, AМOUNT)
VALUES (112997, '2008-01-08', 2124, 107, 'BIC', '41003', 1, 652.00);

INSERT INTO ORDERS (ORDER_NUМ, ORDER_DATE,  CUST, REP, MFR, PRODUCT, QTY, AМOUNT)
VALUES (112983, '2007-12-27', 2103, 105, 'ACI', '41004', 6, 702.00);

INSERT INTO ORDERS (ORDER_NUМ, ORDER_DATE,  CUST, REP, MFR, PRODUCT, QTY, AМOUNT)
VALUES (113024, '2008-01-20', 2114, 108, 'QSA', 'XK47', 20, 7100.00);

INSERT INTO ORDERS (ORDER_NUМ, ORDER_DATE,  CUST, REP, MFR, PRODUCT, QTY, AМOUNT)
VALUES (113062, '2008-02-24', 2124, 107, 'FEA', '114', 10, 2430.00);

INSERT INTO ORDERS (ORDER_NUМ, ORDER_DATE,  CUST, REP, MFR, PRODUCT, QTY, AМOUNT)
VALUES (112979, '2007-10-12', 2114, 102, 'ACI', '41002', 6, 15000.00);

INSERT INTO ORDERS (ORDER_NUМ, ORDER_DATE,  CUST, REP, MFR, PRODUCT, QTY, AМOUNT)
VALUES (113027, '2008-01-22', 2103, 105, 'ACI', '41002', 54, 4104.00);

INSERT INTO ORDERS (ORDER_NUМ, ORDER_DATE,  CUST, REP, MFR, PRODUCT, QTY, AМOUNT)
VALUES (113007, '2008-01-08', 2112, 108, 'IMM', '773C', 3, 2925.00);

INSERT INTO ORDERS (ORDER_NUМ, ORDER_DATE,  CUST, REP, MFR, PRODUCT, QTY, AМOUNT) 
VALUES (113069, '2008-03-02', 2109, 107, 'IMM', '775C', 22, 31350.00);

INSERT INTO ORDERS (ORDER_NUМ, ORDER_DATE,  CUST, REP, MFR, PRODUCT, QTY, AМOUNT) 
VALUES (113034, '2008-01-29', 2107, 110, 'REI', '2A45C', 8, 632.00);

INSERT INTO ORDERS (ORDER_NUМ, ORDER_DATE,  CUST, REP, MFR, PRODUCT, QTY, AМOUNT)
VALUES (112992, '2007-11-04', 2118, 108, 'ACI', '41002', 10, 760.00);

INSERT INTO ORDERS (ORDER_NUМ, ORDER_DATE,  CUST, REP, MFR, PRODUCT, QTY, AМOUNT)
VALUES (112975, '2007-10-12', 2111, 103, 'REI', '2A44G', 6, 2100.00);

INSERT INTO ORDERS (ORDER_NUМ, ORDER_DATE,  CUST, REP, MFR, PRODUCT, QTY, AМOUNT)
VALUES (113055, '2008-02-15', 2108, 101, 'ACI', '4100X', 6, 150.00);

INSERT INTO ORDERS (ORDER_NUМ, ORDER_DATE,  CUST, REP, MFR, PRODUCT, QTY, AМOUNT) 
VALUES (113048, '2008-02-10', 2120, 102, 'IMM', '779C', 2, 3750.00);

INSERT INTO ORDERS (ORDER_NUМ, ORDER_DATE,  CUST, REP, MFR, PRODUCT, QTY, AМOUNT)
VALUES (112993, '2007-01-04', 2106, 102, 'REI', '2A45C', 24, 1896.00);

INSERT INTO ORDERS (ORDER_NUМ, ORDER_DATE,  CUST, REP, MFR, PRODUCT, QTY, AМOUNT)
VALUES (113065, '2008-02-27', 2106, 102, 'QSA', 'XK47', 6, 2130.00);

INSERT INTO ORDERS (ORDER_NUМ, ORDER_DATE,  CUST, REP, MFR, PRODUCT, QTY, AМOUNT)
VALUES (113003, '2008-01-25', 2108, 109, 'IMM', '779C', 3, 5625.00);

INSERT INTO ORDERS (ORDER_NUМ, ORDER_DATE,  CUST, REP, MFR, PRODUCT, QTY, AМOUNT)
VALUES (113049, '2008-02-10', 2118, 108, 'QSA', 'XK47', 2, 776.00);

INSERT INTO ORDERS (ORDER_NUМ, ORDER_DATE,  CUST, REP, MFR, PRODUCT, QTY, AМOUNT)
VALUES (112987, '2007-12-31', 2103, 105, 'ACI', '4100Y', 11, 27500.00);

INSERT INTO ORDERS (ORDER_NUМ, ORDER_DATE,  CUST, REP, MFR, PRODUCT, QTY, AМOUNT)
VALUES (113057, '2008-02-18', 2111, 103, 'ACI', '4100X', 24, 600.00);

INSERT INTO ORDERS (ORDER_NUМ, ORDER_DATE,  CUST, REP, MFR, PRODUCT, QTY, AМOUNT)
VALUES (113042, '2008-02-02', 2113, 101, 'REI', '2A44R', 5, 22500.00);

UPDATE OFFICES
SET MGR = 106
WHERE OFFICE = 11;

UPDATE OFFICES
SET MGR = 104
WHERE OFFICE = 12;

UPDATE OFFICES
SET MGR = 108
WHERE OFFICE = 21;

UPDATE OFFICES
SET MGR = 108
WHERE OFFICE = 22;